<metadata><idinfo><citation><citeinfo><geoform>Vector Digital Data Set (Polygon)</geoform></citeinfo></citation><spdom><bounding><westbc>-122.809868784</westbc><eastbc>-110.288886441</eastbc><northbc>49.048425525</northbc><southbc>41.843248464</southbc></bounding></spdom><native>Environment as of Metadata Creation: Microsoft [Unknown] Version 6.2 (Build 9200) ; Esri ArcGIS 10.4.1 (Build 5686) Service Pack N/A (Build N/A)</native></idinfo><dataqual></dataqual><spdoinfo><direct>Vector</direct><ptvctinf><sdtsterm><sdtstype>G-polygon</sdtstype><ptvctcnt>701188</ptvctcnt></sdtsterm></ptvctinf></spdoinfo><spref><horizsys><planar><gridsys><gridsysn>Universal Transverse Mercator</gridsysn><utm><utmzone>11</utmzone><transmer><sfctrmer>0.9996</sfctrmer><longcm>-117.0</longcm><latprjo>0.0</latprjo><feast>500000.0</feast><fnorth>0.0</fnorth></transmer></utm></gridsys><planci><plance>coordinate pair</plance><coordrep><absres>0.6096</absres><ordres>0.6096</ordres></coordrep><plandu>Meter</plandu></planci></planar><geodetic><horizdn>D_North_American_1983</horizdn><ellips>GRS_1980</ellips><semiaxis>6378137.0</semiaxis><denflat>298.257222101</denflat></geodetic></horizsys></spref><eainfo></eainfo><distinfo><stdorder><digform><digtinfo><formname>Vector Digital Data Set (Polygon)</formname></digtinfo></digform></stdorder></distinfo><metainfo><metd>20170828</metd></metainfo></metadata>